"序号","角色","角色编号","服装编号","服装名称","名称性质","特殊造型","资源标识","来源快照"
"1","凑 友希那","21","233","Wonderful Year","source_snapshot_name","大兽耳","021_2018_dog","2026-10-02"
"2","珠手 知由","35","","猫耳耳机","visual_description","猫耳耳机","035_expose","2026-10-02"
"3","白金 燐子","25","","大巫师帽","visual_description","大巫师帽","025_fantasy","2026-10-02"
"4","弦卷 心","11","498","Alien Alien","source_snapshot_name","天线头饰","011_miku_alien","2026-10-02"
"5","仓田 真白","26","1527","玩偶服-暴风龙维鲁德拉","source_snapshot_name","龙头兜帽","026_event_203_story_02","2026-10-02"
"6","宇田川 亚子","24","944","鲜花盛开的夏月之夜","source_snapshot_name","角、翅膀与尾巴","024_dream_festival_2","2026-10-02"
"7","千早 爱音","37","2050","点单，还是老样子","source_snapshot_name","长兔耳","037_live_event_277_sr","2026-10-02"
"8","山吹 沙绫","4","722","姐姐是魔女","source_snapshot_name","花饰巫师帽","004_live_event_92_ssr","2026-10-02"
"9","弦卷 心","11","2286","委托蜂拥而至！","source_snapshot_name","悬浮感光环","011_live_event_316_ssr","2026-10-02"
"10","松原 花音","14","2327","惬意的空间","source_snapshot_name","垂耳兔兜帽","014_live_event_324_ur","2026-10-02"
"11","冰川 纱夜","22","","骑士盔甲","visual_description","骑士盔甲","022_fantasy_01","2026-10-02"
"12","牛込 里美","3","345","害羞的天使","source_snapshot_name","羽翼天使","003_live_event_20_r","2026-10-02"
